,bc,gdp,healthspend,eduspend
0,4.9,119.0,2.56332703088,3.92443860234
1,10.3,203.651040923,0.60790041145,4.06687648817
2,13.6,257.175794656,0.801919174976,4.2926744378
3,18.6,280.245644107,1.06242003296,4.1663494011
4,22.8,384.131681277,1.38558405017,3.96779059416
5,21.8,569.940728793,2.85537650336,4.51115989685
6,21.2,622.379654358,2.08009266048,4.08791017532
7,57.5,1175.78898073,2.25841795816,3.28692007065
8,75.1,1453.64277661,2.25632589322,3.05662989616
9,60.1,2709.14293056,2.70645544321,3.23871994019
10,69.3,4114.13654491,2.83357574292,4.32764081944
11,64.0,1757.01197444,2.55856124047,4.29437824474
12,57.0,1774.2920208,2.85227361029,4.07916720923
13,61.4,3467.54474009,2.33485067068,3.9813332014
14,55.9,5583.6161595,4.52025088967,4.40779817954
15,57.1,5491.61441356,5.18835904861,4.21413817234
16,6.2,574.194161137,2.81240339432,4.22374889568
17,17.7,3678.94765447,2.66391720736,3.85640461531
18,44.313944495,2608.88594889,2.33359609958,4.33864274841
19,50.2709053198,7519.65921563,2.71126197892,4.24362209324
20,65.3,7170.68969819,5.06593399237,4.83374023438
21,78.9,5096.25833248,3.66423384815,3.47405004501
22,55.4,13040.3063952,2.95895087366,5.09904003143
23,76.6,13027.2048221,2.73502200839,5.34409999847
24,60.5,621.424826319,1.13753199927,2.7727200985
25,53.1,1625.40776913,1.90505340097,2.71202993393
26,54.9,3124.78401786,1.92271406299,3.24900007248
27,70.8,20059.4520721,5.62066014499,4.59077165405
28,72.3,33982.9504272,5.66144848354,4.91266012192
29,69.6,47654.1872091,8.46612960853,5.76740980148
30,55.1,655.097432603,0.866892751051,3.85399007797
31,55.4,703.67125044,0.846501129775,3.50342011452
32,51.1,2473.08577637,0.864184359644,2.5555100441
33,54.9,7189.69122921,1.08098767355,2.43564009666
34,44.6,21497.3081567,2.46689595361,4.64312768285
35,54.3,406.531740491,0.946712406941,2.12507009506
36,58.5,462.274879845,1.0420671844,1.94014000893
37,55.8,543.082263122,0.987683697897,2.20221996307
38,52.64,618.075883559,0.953752468656,2.05456995964
39,61.2,838.547801702,1.04109010272,4.15619895197
40,61.8,954.396399716,0.810323955737,1.96616995335
41,62.4,1086.80008677,0.786532509304,4.13716379495
42,59.2,15317.1390013,4.84151341569,5.62441015244
43,72.6,3126.36777779,5.02273828699,5.87102985382
44,63.1,6721.83490774,3.86575790035,5.12105989456
45,75.6,23121.566347,6.25281462939,5.84328985214
46,74.6,35589.7129457,7.12785709287,5.80695009232
47,70.4,44382.8797683,7.89670272604,6.40798997879
48,34.3,4187.23289,2.66925096931,4.33676953325
49,55.2,4516.23303047,3.7256042955,4.41879344661
50,18.6,373.553613622,2.30826363464,3.23235011101
51,16.9,609.018608682,2.38575093199,3.50327992439
52,12.9,807.688451017,2.15409383964,4.88943004608
53,17.9,903.464924008,2.251196286,4.38073015213
54,30.7,778.391266016,5.32505165352,5.51379013062
55,35.4,1755.16170904,5.1188939383,4.35254268414
56,65.6,2201.29307779,4.54479495703,4.02446985245
57,53.4,1007.00286888,3.24534361813,5.47342014313
58,58.4,917.364310486,3.49627892206,6.3790397644
59,60.5,1736.92401415,3.40684324429,7.03971004486
60,47.5,1451.66400184,4.03209571641,4.29247340831
61,35.7,3351.96339986,4.979969839,3.93615828199
62,45.8,4494.64064038,7.0802122735,4.26879675106
63,44.4,3333.17954965,2.89985242135,4.11206169076
64,52.8,5561.89823999,3.92832192871,4.23059196355
65,80.3,5808.34054716,3.49265209236,4.86989021301
66,64.4,3852.97775647,4.31297145481,4.11535978317
67,69.2,5932.89967659,3.73070585932,3.65297007561
68,13.8,332.423768678,2.60425299287,4.18200510683
69,17.4,422.479937975,3.74106495452,4.45702981949
70,16.2,574.458089294,3.97117976692,3.93896007538
71,17.0,713.456441627,2.59397373942,4.5001502037
72,15.7,128.635536499,1.40436446415,2.64547991753
73,19.7,115.279880323,1.55512253993,3.00493001938
74,9.1,140.815135598,2.9377964309,3.63169002533
75,21.9,214.23099084,5.49965674447,6.79287004471
76,61.3,2049.61597928,3.64999051299,4.24857504563
77,23.8,299.562237636,1.34014961837,1.66681003571
78,40.0,472.448855863,1.61821874421,4.2859658243
79,50.5,782.692789877,1.44077499871,2.60387992859
80,56.3,1094.57668778,1.2510420111,4.34766004324
81,25.6,583.094838239,0.932629186489,1.9325799942
82,26.0,892.898777661,1.12963812202,3.3299100399
83,29.2,965.368688278,1.07609231355,2.95567989349
84,23.4,1258.92465067,1.33144715668,3.05290007591
85,34.4,1407.40341322,0.938633691401,4.08006826004
86,74.0,24167.8043061,6.51430574632,5.03578996658
87,53.4049567347,4989.63094718,2.82675214141,3.88536500931
88,61.4059170095,9586.88776893,3.31430308402,6.11947011948
89,27.9,245.434384929,2.10214683627,1.61265003681
90,19.0,353.894451706,1.92399023484,1.41506004333
91,15.2,488.357342193,1.84022614447,1.22862005234
92,7.9,166.008015485,2.66748417981,2.64670991898
93,11.1,454.655283385,2.2993551546,1.59294998646
94,4.8,895.877995852,1.18513716484,1.98194003105
95,60.7,4709.92339982,3.48454215779,4.09284384881
96,64.2,9500.83516203,2.51761734723,3.02380990982
97,83.8,954.55229173,1.75984346798,4.150595108
98,86.9,1047.47786287,1.62128422384,4.16748374913
99,84.6,2082.1833625,1.83853832016,3.94203790826
100,89.3,3441.22135457,2.29212345222,4.33042081256
101,89.0,3800.47454161,2.66448262884,4.49177627939
102,89.1,4514.94052013,2.65382009814,4.15779513862
103,88.6,5574.18709337,2.8106526556,4.16386785691
104,87.9,6264.64387794,2.94581376572,4.07171099706
105,76.9,2472.19777586,4.68382686372,3.51120996475
106,78.2,3386.02547761,4.31601707702,3.99500989914
107,79.1,6250.65449979,4.97565293822,4.82615995407
108,25.7,372.189002262,1.52272309662,3.87687669014
109,19.4,750.314608601,2.64660402149,5.07111978531
110,31.4,150.421380493,0.144179749566,4.36518977397
111,20.6,273.486479705,1.20943434521,4.17729822482
112,17.7,311.247895988,1.06259561264,1.60243999958
113,20.4,437.814931178,1.59835646991,4.43779136591
114,44.3,1737.61154643,1.43460850875,1.83577001095
115,44.7,3191.16429881,3.14942137283,4.11529106789
116,96.0,4700.01492585,5.46571205874,4.34559087374
117,96.0,6024.07848678,5.62783732542,4.73357009888
118,80.0,6736.1678185,6.26131067329,5.04482984543
119,81.1,6546.5655542,7.02218996471,6.2891201973
120,82.2,7985.95103533,7.09261705091,6.81181001663
121,76.2,8963.68005199,7.14971400592,6.61588001251
122,12.9,962.918442739,1.35840382469,4.11477994919
123,18.2,1281.38286517,1.88504549258,4.06153911393
124,69.0,4919.62806871,6.6022750634,4.26457646503
125,73.3,2749.46349156,5.50953371683,7.70486021042
126,72.6,4677.70901427,7.08125007803,9.05729007721
127,77.1,5193.48428573,9.88319810118,11.8682899475
128,77.8,5494.92531141,11.2839188895,13.1251602173
129,77.8,5688.66673217,9.70382826985,12.837269783
130,74.3,6092.6139018,10.0710101901,4.59498822539
131,73.7,16506.4532643,10.573662489,4.7075179505
132,78.2,13317.7298342,6.05404437532,3.89868998528
133,86.3,22649.3793401,5.62878442323,3.75272989273
134,9.0,792.963851267,3.5164493955,8.44758987427
135,17.8,974.564237418,4.70273218692,8.27877998352
136,22.5,1234.01335567,5.74563285788,4.47074813633
137,19.0,1586.78013328,5.25888562962,4.25931530521
138,64.7,2802.42404407,2.19249506543,1.91261005402
139,69.8,3008.46904768,2.008738541,1.97100996971
140,61.3,3836.4756486,1.7816058272,4.30263388023
141,72.9,4637.23995945,1.99250876081,2.05123996735
142,73.0,5441.9657488,2.26396484741,4.21765818525
143,71.9,5952.32900678,2.6234673576,4.24069736052
144,69.6,6147.34356916,2.92737564848,4.25367875406
145,49.3130527231,1327.86252476,2.4505548209,4.00687503815
146,56.53938878,3332.66293724,2.49734021817,4.34254055914
147,75.2054755777,3976.56365267,4.6888492418,4.10839942705
148,80.4949056331,9253.9601165,4.8668694809,4.53768014908
149,76.3440197206,966.400803143,1.68918466219,4.2605599165
150,80.6309227492,5406.38653913,2.81148971271,4.23379426534
151,76.248300335,956.031720285,1.68918466219,4.2605599165
152,80.5069493009,5349.23436439,2.81148971271,4.35217971918
153,72.7,2708.55829298,1.42931441752,3.98044703524
154,80.1,5702.16828789,2.95729299851,4.1656999588
155,56.1,1461.01825941,2.2469583953,4.54145968402
156,60.0,1147.78171317,2.06854796498,4.94563007355
157,59.2,1196.7333085,1.9850409875,4.79442977905
158,60.3,2061.61277225,2.02972719676,3.76082992554
159,58.5,3365.70742057,2.15538450092,4.11068159099
160,66.9,2549.88663649,3.75017366471,2.75908994675
161,72.3,3569.33539345,3.70671478123,3.7416601181
162,72.0,4102.0638518,4.46950832355,4.3365258766
163,10.1,1970.25122894,2.16627167819,4.32747289417
164,12.6,22944.9262899,2.59665433056,4.63272897078
165,8.0,192.507643238,1.64046934304,3.52390003204
166,8.4,451.426693297,1.4248635594,4.16610259117
167,63.4,10338.3172626,3.85004155761,4.84485006332
168,8.1,124.050950453,2.38265541314,3.98310995102
169,14.7,161.876953908,2.580334349,4.24763156242
170,28.6,355.588991513,3.73515572844,5.48577022552
171,34.2,573.565960346,2.86756675022,3.96357230341
172,65.0652558912,10063.4753768,3.90166590431,4.08634996414
173,65.0652558912,9739.77777733,3.78015996948,4.01803016663
174,44.0,2076.01330768,3.23557115576,5.85725021362
175,35.0,2259.05579575,2.8544881933,6.24382019043
176,43.1,4079.22884156,2.7919826006,5.84843015671
177,31.77,3651.95829064,2.96520593582,4.30241610079
178,44.3,4550.26709452,2.76214864263,4.2445543243
179,26.8740569878,668.118420728,1.88962631063,4.286700665
180,30.5703448641,1719.51108504,2.50569895845,4.17972541928
181,81.8,22465.6418415,7.75949957277,5.51673984528
182,76.6,33874.7425478,8.20640926961,5.63702011108
183,74.8,34879.7263292,8.26633717221,5.49981021881
184,76.4,45413.0657122,8.16933745952,5.44402980804
185,32.7,4115.03678362,1.15485615569,3.82709002495
186,31.1,10642.4322523,2.21020120307,4.3840848035
187,9.5,637.105521463,1.23486670864,1.46587002277
188,17.5,542.504283101,1.55374665025,1.15810000896
189,13.3,562.568166142,3.43308687645,4.15337991714
190,9.0,484.112864967,4.18162845335,2.76770997047
191,40.5,691.997710105,1.1806088882,2.18107008934
192,47.3,1530.0575209,1.64850457829,2.48430991173
193,45.6,1872.68041607,1.7716621022,3.00363993645
194,35.5,2706.58851158,2.27025857273,3.22237992287
195,53.4,2964.47704802,2.28992913342,4.10248313928
196,66.2,34696.6209167,8.00670183933,4.59152190024
197,25.2,375.880704461,1.58056237554,4.31605993418
198,24.2,929.726628584,3.0442281556,5.2599401474
199,23.5,1234.07990011,3.22305449377,5.75795984268
200,34.7,1587.19087275,3.57552048572,8.1409702301
201,19.5,1827.1013678,3.24216013308,6.03032016754
202,26.7,1441.63645311,2.12888508468,4.06797532002
203,76.2,12538.1788278,5.14607034088,3.364579916
204,54.0,6764.72286695,3.20818175938,4.10638485824
205,66.6,7997.95840314,3.6939529916,4.42626485917
206,43.3,1692.96379628,2.12695041128,4.1314943202
207,54.1,2617.1121913,2.51699340408,4.05130175156
208,6.5,371.320959305,1.31331174704,2.37102007866
209,9.1,303.760966052,0.554865842204,1.84905004501
210,5.6,487.345714209,2.09894617722,2.47139000893
211,7.6,281.403660289,0.515965236902,4.069931397
212,10.3,395.977993855,1.06854651284,4.02589416096
213,14.2,518.59836084,1.84945341102,1.86424005032
214,16.0,615.9409222,1.14512230686,4.48837159042
215,37.3,960.186760126,4.95494348515,8.48414993286
216,34.6,1110.95771735,4.35965864458,8.13973045349
217,34.2,2334.02104216,4.68579605157,3.75227999687
218,42.5,2698.05899106,5.30091141008,3.36104011536
219,34.1,4028.16399148,3.11969809136,3.85672481412
220,28.1,462.481329914,1.67955658737,4.07836013621
221,32.0,505.584820546,1.35559353474,4.12073545357
222,34.5,766.872233425,0.980271294367,4.41788540479
223,18.989198559,327.058143655,1.79637023039,2.95647501945
224,27.6264046504,830.771496347,2.58866832965,4.08974981308
225,70.0351921536,25446.9465784,5.85366922904,4.83087515831
226,61.6,1187.59023311,3.61645900941,4.33378991772
227,65.1,1547.26665864,3.48897018983,4.35111741142
228,73.2,2395.07344192,4.45364758294,4.09560687388
229,86.2,24665.8899983,5.17097067103,4.01555013657
230,79.5,30594.017841,5.58943354988,3.45455002785
231,65.8713855735,1476.23728139,2.47124995657,3.84054005146
232,70.2248362737,5605.08580677,3.07427595933,4.1656999588
233,58.518641436,1226.86511437,2.40213528075,3.40708994865
234,62.0384777776,4484.68329537,2.99125778381,4.15466976166
235,40.2266409466,506.930269977,1.37155876772,3.92574536298
236,39.2248706479,1963.54046093,1.73795794757,6.30311012268
237,28.940116,343.66412406,1.65269649095,2.97515010834
238,37.1982584685,864.251968675,2.17870527786,4.05352020264
239,33.3167688567,402.602723733,1.51319680627,2.98837506771
240,37.8879448522,1264.96846239,1.93190868038,4.07163500786
241,46.9,452.41358467,1.11244300876,4.25025987625
242,53.0,640.600522161,1.02268176579,3.29475998878
243,56.3,816.733776199,1.11061062256,3.09072995186
244,54.8,1022.57759195,1.16274094202,4.32368192576
245,54.8,780.092078954,0.724682589696,4.04984960592
246,52.5,748.184746114,0.963565797355,2.46003007889
247,60.3,1065.6565461,1.01530117558,3.21799993515
248,56.7,1150.34929409,0.934871135912,2.7484600544
249,57.9,1263.48144554,0.803211001451,2.87281990051
250,61.4,1860.62262569,1.12642589404,3.04426002502
251,56.6,2167.85765033,1.00579761754,2.90190005302
252,60.63,2262.72078613,1.01954942127,3.52513003349
253,60.9,3125.2199336,1.03300414021,2.81227993965
254,61.9,3700.52353809,1.14773652139,3.40748000145
255,62.5,3631.6726936,1.15362898676,3.36658000946
256,73.8,1664.26126983,1.86312249956,4.03064012527
257,73.3,1900.04773061,2.18927471621,4.48487997055
258,78.9,3135.18740764,2.3334581983,4.19664001465
259,77.4,7874.48479201,2.47903326276,3.65862011909
260,43.5,4971.00256486,3.55458347126,4.34941291069
261,49.8,2350.19423606,1.9135715688,4.23344643976
262,52.5,5828.76474851,2.49103317099,4.04143219876
263,75.0,32537.957475,5.17116710034,4.10645008087
264,89.0,47641.0137716,5.5962288864,4.48537015915
265,64.8,50815.6416914,5.52072418847,4.52771997452
266,69.1,3706.77770612,2.78734922838,5.42852020264
267,69.0,3581.16001587,2.30426788812,4.25684976578
268,72.5,4489.27277192,2.89373821162,6.19851016998
269,55.9,37299.6441291,6.08761400671,3.61888003349
270,52.0,36441.5044939,6.47273952007,3.59858989716
271,54.3,35781.1700526,6.65745956892,3.48391008377
272,55.8,1939.7221994,4.81069142638,4.10290862712
273,57.1,2970.88905627,4.99418196333,4.17204801906
274,59.3,3800.67592931,6.6959843031,4.56619956173
275,61.2,4423.11735483,5.50930257609,4.20950705255
276,50.7,5291.57565019,2.30571940035,2.62679004669
277,51.0,12102.6868574,2.27155273828,4.13324460522
278,39.3,444.233631051,1.92813908382,6.49428987503
279,45.5,942.743146466,1.64162436872,4.62275979911
280,58.0,1368.49113216,3.50386605777,4.17300420138
281,36.1,799.856611192,7.58292048214,11.1430301666
282,21.5,1128.95151406,9.8920863351,3.94043074387
283,22.3,1264.09774149,10.3647650322,3.87099874748
284,68.6,7115.61094105,3.41579572014,4.48654021899
285,70.6,7959.93923553,3.52049234606,4.29882153394
286,79.3,11947.5772472,2.06942784556,4.40640043463
287,84.5,14219.1935856,2.56792445148,4.13241004944
288,80.2,18657.5212532,2.81846272554,3.90137004852
289,79.6,20917.0302377,3.14560441545,3.96742010117
290,80.0,18338.706366,3.7561417585,4.66981983185
291,47.8,543.110702403,3.27699723469,5.54987001419
292,36.3,1177.97473488,4.19724385537,7.38423013687
293,42.0,1279.76978266,3.63943755251,4.20036811916
294,32.2,324.01969471,1.13056391049,1.50369000435
295,38.4,476.162405721,0.734607085864,2.41408991814
296,49.8,1445.86945014,0.792246279829,4.18779454626
297,81.0358292964,1660.92854822,2.54955963666,3.85399007797
298,83.1859898359,7917.59820764,3.34982018069,4.53768014908
299,27.6738914104,324.558991217,1.46580048879,2.88868999481
300,35.8427761102,912.0026676,1.96354227955,4.05352020264
301,62.7,5334.88024357,3.20634861008,4.02321530009
302,58.0,5436.5875069,3.73559350518,2.5527100563
303,58.0,5424.21794396,3.71197077326,2.66673994064
304,53.7,8403.10931606,3.12341714781,1.77876996994
305,30.4,415.500118698,3.47402104945,11.4919996262
306,40.6,377.45358871,4.37251010756,10.7739896774
307,38.0,348.319866858,3.83131931534,11.8063602448
308,37.3,645.495959217,3.9382917342,13.2715702057
309,47.0,859.828065884,7.0004137369,4.44301193497
310,50.7,1241.20570623,9.08743586732,4.41679653335
311,60.2,1034.18528751,8.08216760272,4.14761496344
312,10.0,182.94275732,1.44875610709,4.09334901173
313,11.4,209.811610871,2.76800142814,4.15725694413
314,20.2,453.339457045,2.83218856563,4.10958877178
315,41.9,11219.4329579,1.74809733904,4.31191177948
316,62.9,9240.64254797,4.30671584749,4.8205499649
317,58.5933398026,1180.20320997,2.34705235959,3.50836992264
318,62.098383605,4359.40106717,2.95669670444,4.08974981308
319,23.0285805661,267.535708843,1.75978964812,2.97515010834
320,30.2058679142,594.86688657,2.51173209848,4.08974981308
321,46.3023008511,578.283578203,1.38414446113,3.38801491261
322,52.2971790041,1912.08868467,1.58126495427,3.98807331655
323,13.5,3063.59542582,4.7816147844,4.19363029238
324,40.2,5079.96207896,4.27293273721,4.16365219376
325,18.8,246.282634901,2.57330422807,2.91135001183
326,27.1,245.670457317,2.43699522038,3.26430010796
327,39.9,417.178309193,2.40821291947,3.17751002312
328,39.8,462.973999137,2.56044494119,2.07999992371
329,30.6,155.764358225,2.77855654938,5.24797010422
330,32.5,280.177358673,5.71696330954,4.47930230051
331,41.0,304.904164021,6.19490825896,4.10033963775
332,46.1,471.207752434,6.33925489322,4.35637998581
333,58.6,362.247486595,5.99862083467,6.87792015076
334,49.0,4924.585852,2.11804053912,5.92388010025
335,39.0,3853.33340845,3.87687766888,4.756939888
336,34.7,6017.58385417,6.72971155159,7.00409984589
337,8.1,304.612988736,2.87244863248,3.05283999443
338,8.2,518.394429205,3.16463356405,4.46204657646
339,9.8,704.064620887,2.80745966142,3.85454010963
340,10.3,798.31848077,1.13427308076,3.97387003899
341,34.0,2206.65611562,16.0719704332,4.39182542629
342,44.6,2878.46487719,17.5919999965,4.39039135049
343,8.0,463.271418495,1.87956046169,2.83948993683
344,9.3,1008.55470524,1.65179135197,4.14197972229
345,11.4,1402.6691286,1.27914137802,3.07790994644
346,75.8,3957.51290571,2.18055166641,3.11292004585
347,70.0,6649.71653422,2.31810751057,4.13410997391
348,74.5,6673.1669738,2.5412774339,5.18673992157
349,73.0,7115.12176873,2.68800390635,4.80017995834
350,73.7,7893.96823376,2.6188778561,4.90794992447
351,70.9,8666.33535331,2.56034515454,4.74912977219
352,72.5,7661.20840455,3.09593557142,5.22672986984
353,23.0,2247.837673,9.89982259517,4.52330299457
354,55.0,2669.37505411,12.1732851963,3.93758615596
355,57.5982499802,3064.50439439,2.60944192863,4.29782498612
356,61.2294541598,8872.09123433,2.89557197768,4.22242032292
357,61.0645550944,1623.23866478,2.15353996008,3.90260934923
358,61.6303003098,4994.25174221,2.9460362248,4.39897560077
359,60.9577914471,1621.86470433,2.15353996008,4.31592868114
360,61.5823868455,4968.25837594,2.9460362248,4.21470872246
361,61.5482166126,1264.64959287,2.3569481764,3.82116496563
362,65.413877359,4774.37091676,2.9624506231,4.06372347486
363,62.4,354.001278975,3.22971285729,4.48642015457
364,67.8,831.205286211,4.17613938307,7.16273021698
365,59.5,2046.53678665,5.51752278385,8.34895992279
366,67.4,474.212956571,3.82828627455,5.55038022995
367,69.0,646.119168114,2.91803128865,4.28231458673
368,66.0,998.822299377,2.48459122482,4.20041673655
369,55.2,2138.37674048,3.18351906019,3.84219802627
370,54.9,2650.34688487,2.65447806658,4.64510011673
371,54.6,4201.73771089,2.62057288154,4.1028243836
372,52.7,1627.04289334,5.19650591989,4.0494899061
373,39.4,3674.52652951,6.02294001763,4.2021068536
374,39.4,4383.59509708,5.61349987148,4.21634540923
375,23.3,7186.81145498,3.71908823561,4.09015398303
376,63.0,1955.14193079,1.42952980168,4.12053346631
377,67.4,3066.50315776,2.08777205957,4.4256008383
378,25.5,280.872568276,4.10824097795,4.19534612
379,16.2,499.887085818,2.60680450345,4.71033152811
380,11.6,524.891452941,2.66457773288,4.31734447909
381,37.0,816.114896997,0.224982014715,4.11220548438
382,34.3,115.748253635,0.24333454831,4.18261291657
383,41.0,1276.87627487,0.198195285839,4.45913224602
384,46.0,2692.44208145,0.299251927954,4.36611802698
385,43.7,2059.40901467,4.21402942557,6.99139022827
386,55.1,4195.93639334,3.80077117052,4.76249124297
387,56.1,5420.81169033,5.02913642246,4.46884606843
388,35.6,19539.4675327,18.1028240439,4.40114485345
389,37.3,231.432967571,1.35212334879,2.97515010834
390,39.3,248.832935903,1.59446330238,3.7083799839
391,38.3,288.669595432,1.59032657601,3.17194008827
392,48.0,350.608465014,2.04487497063,3.60536003113
393,49.7,695.883198294,3.24209747952,4.10097189588
394,49.6,701.680063399,2.33781911392,4.71537017822
395,67.0,35245.1640747,5.62741917643,5.10149002075
396,69.0,56928.8204757,8.20974142815,5.09226989746
397,68.6,1043.60075787,2.83595012441,4.08304850109
398,72.4,1350.58722234,3.79240417345,4.16432344924
399,80.4,1776.20924358,4.26016257175,3.91630074623
400,14.0,160.218342317,1.52246548238,3.18947005272
401,11.2,260.563770008,3.17549704782,3.33405995369
402,18.0,351.006218347,2.162436939,3.73338007927
403,13.9,393.643423045,2.21183469702,4.32767009735
404,12.6,510.296295282,0.906661783997,4.00794202143
405,14.7,1131.14769463,1.47272880832,4.43731556773
406,14.6,1376.85744878,1.47005940256,4.26170736405
407,14.1,2514.14862152,1.15161124796,4.21128922435
408,13.5,2739.85218904,1.0331695317,4.1672413035
409,15.1,2979.84415,0.882627255662,4.37656720953
410,72.9202128704,35242.0641955,5.68342345867,5.45617008209
411,76.4,51545.1626412,8.00266347947,5.26620291805
412,88.4,66775.3943972,7.43028202552,6.86868000031
413,70.6081019887,23436.0521658,5.80901725839,4.87339019775
414,31.7,8710.98780508,2.51203412986,3.20023989677
415,24.4,22963.3781637,1.58630081543,4.5162401171
416,29.7,19309.6124499,3.19022857455,4.75300007323
417,33.4954585162,4319.2989264,3.08033149375,5.34020996094
418,38.5416524269,15110.5214487,2.92631009733,3.48480010033
419,32.084119151,1772.55860748,4.47811093701,4.20531958191
420,41.728519669,3579.79173741,4.2104391476,4.24753148652
421,27.6,511.811126059,0.551524181178,3.84378352432
422,32.1,565.323844803,0.648320921393,3.82038670014
423,26.0,876.951108854,0.788774804041,2.62637996674
424,29.6,953.795685975,0.798832240795,2.63527011871
425,27.0,1042.80170542,0.839235884413,2.74622988701
426,29.0,1266.38075811,1.01846301949,2.13629007339
427,35.4,1275.71274959,0.99433081072,2.4934399128
428,17.2,7786.58600188,6.37062500254,7.81618022919
429,32.8,8116.75126904,6.09425287355,4.0117135441
430,21.0,9742.51913709,6.55976414792,4.5465704573
431,22.26,8978.99364924,7.64111675053,4.45997419718
432,52.2,7471.34138581,5.63276516038,4.2501860303
433,62.8,11786.6331746,5.80401002479,3.94583478868
434,32.4,992.673749316,3.12384320506,4.59071710472
435,72.8,1408.52748256,2.03157067089,3.43809008598
436,79.4,3059.98509921,2.71307572602,4.27293464588
437,68.9,1967.24321021,2.72083151386,3.27640008926
438,70.5,2445.44648758,2.54376134699,2.96113991737
439,71.3,3143.55003107,2.39214584835,2.67638993263
440,72.4,4244.53966136,2.45203377412,2.84365010262
441,73.2,4178.82071395,2.98344442734,3.13036990166
442,74.4,5056.2953132,2.79428723182,2.84741997719
443,75.4,5731.69886823,2.62414030622,2.68161010742
444,75.5,6389.63057629,2.84664764577,2.92163991928
445,74.0,6609.71336926,3.04510366846,3.28522992134
446,74.6,6549.38922928,3.31875118046,3.66253995895
447,47.0,1039.70179564,1.52676136838,3.26765990257
448,49.5,958.011579041,1.32444307628,3.02661991119
449,48.8,1000.77772844,1.1166423393,2.99708008766
450,48.9,1011.28664439,1.30620056597,3.0446999073
451,49.3,1080.08618402,1.3031314386,2.56797003746
452,49.3,1196.53984924,1.5016485867,2.42629003525
453,50.6,1395.212633,1.45218711073,2.53380990028
454,50.7,1929.13289703,1.33274562387,2.69299006462
455,48.9,2371.85353663,1.30636297495,4.20463376332
456,55.1,2786.95046842,1.44921704409,3.41
457,86.8,19821.4446269,6.58346019994,4.90801000595
458,71.5145133471,25526.2654722,5.9399206972,4.88402509689
459,19.6121097446,383.347582471,1.40582261252,2.76769995689
460,24.3686228419,1624.67943085,2.01857925446,3.58957004547
461,84.1,18972.7685298,4.59558745631,4.32071476294
462,37.5,94407.4069196,1.83147767298,3.46551990509
463,70.3,3552.92451982,4.05213959985,3.25867009163
464,69.8,4676.31518326,4.39872380521,3.45668005943
465,83.8,4102.37229355,3.09093685289,3.54785990715
466,79.5,9101.25670609,3.45289119504,4.36499051483
467,68.0,14212.080885,3.58245543966,4.37906639212
468,13.2,216.275894384,1.65315324028,4.09510993958
469,17.4,286.567469437,3.19949489217,4.17090896825
470,36.4,491.940416608,2.8301189485,3.78200006485
471,51.6,553.597457611,2.92801355326,4.95010995865
472,28.7,3173.54224036,4.34103142716,4.27922668013
473,26.9,4172.21710038,6.53686898557,4.38675595895
474,29.3,4100.86730705,3.82397585869,4.40049705944
475,30.7,858.58783098,2.54103777687,4.53594017029
476,38.4,1151.69196455,2.50735286377,10.4152097702
477,40.6,1810.72156165,3.61225472576,3.87691998482
478,23.8,15947.4057864,2.50739774737,4.62170963012
479,11.8,772.652445374,2.98243741931,5.13697004318
480,13.1,1081.131518,2.27983939973,3.93913799845
481,17.8,1051.37642129,2.23831542383,4.24504840881
482,22.2,1067.13175333,2.41795606966,4.05188833705
483,58.7,870.136525159,4.26781679685,4.21290656796
484,41.2,4129.75874103,5.66490430429,4.30257907433
485,60.8,5411.87740392,6.24199164699,4.58655023575
486,58.4,6200.17322102,6.41650560485,4.43998137908
487,4.3,156.591866642,3.49413204975,4.94936990738
488,5.3,320.995366803,2.67617410482,2.83588004112
489,8.2,453.736365506,1.7879205004,2.41317009926
490,11.0,453.022040728,2.39694063394,2.58864998817
491,16.6,802.535625497,1.69465548079,2.42025995255
492,38.7608217295,4295.44996912,3.05347118327,5.01510000229
493,43.1003241747,13333.5361152,3.00112556092,3.7872749567
494,6.8,945.528926709,6.16233720261,4.10688623953
495,34.6,1048.77148597,5.95416560867,9.8799495697
496,14.6,345.177499611,2.70753784852,4.31344246292
497,59.9,3807.11574559,3.33799479119,4.86487007141
498,45.5002879367,453.994641143,1.06705231114,2.5501101017
499,52.9296225816,1370.20652388,1.1902720896,2.13629007339
500,45.5002879367,453.994641143,1.06705231114,2.5501101017
501,52.9296225816,1370.20652388,1.1902720896,2.13629007339
502,3.5,1563.92657449,2.28830848048,4.06583187365
503,4.0,1563.90419537,2.61273453132,4.15704344649
504,65.7,28482.6094833,6.00532063678,4.16760015488
505,70.0,875.412177967,1.84632162917,3.94212816414
506,68.4,1644.81637232,1.82597644679,4.14656279819
507,54.0,12767.8951383,2.33668300634,4.11250019073
508,54.0,14378.8842568,2.0306688454,4.6812686313
509,55.5,7248.2345522,4.20740869808,4.001060009
510,48.0,5064.21821503,2.95904268253,6.35081005096
511,48.0,5608.20413832,3.18355196199,4.40942710942
512,22.0146100537,550.639184631,2.27176435915,3.24764001369
513,26.0483703721,1729.39255408,2.54353005358,4.01039597106
514,22.0146100537,550.639184631,2.27176435915,3.24764001369
515,26.0483703721,1729.39255408,2.54353005358,4.30057979673
516,22.0146100537,549.778488993,2.26918775183,3.24764001369
517,26.0483703721,1728.32897036,2.54263591318,4.38713291503
518,9.5,868.322775022,1.27056270646,1.96301996708
519,9.0,1421.53294243,2.69846891324,4.17917402395
520,12.2,1875.84328742,1.802361864,4.37579691975
521,42.1,1855.77231028,5.61756266657,4.23808366518
522,45.6,5295.62364817,3.17779313896,4.35791859278
523,47.6,8430.90596506,2.93035866812,4.18951072621
524,27.7,1433.18124045,2.95841209965,5.50848007202
525,40.1,1131.24353286,3.0504573014,5.07650995255
526,50.6,2690.92839206,4.81731525688,4.44452727705
527,65.2,2956.69679468,5.96526638366,6.96616983414
528,66.1,3477.14924559,7.00490949486,4.09922543189
529,45.2999992371,1181.71920186,1.98977916933,4.25347646533
530,46.6,1263.88585928,2.17305147115,4.36046981812
531,58.3,1779.82104926,1.8335468407,5.34599018097
532,53.9,3488.51704579,1.6313763518,5.13013982773
533,33.9,139.109141559,0.946474655334,2.32862997055
534,25.3,237.89319314,0.910560375829,2.42263007164
535,24.6,311.424112808,0.943334420085,2.77207994461
536,37.9,339.76807677,1.143819279,3.51215004921
537,28.5,407.25261165,1.12905378292,3.40348005295
538,37.1,523.947651221,1.18475179646,3.41328001022
539,27.9,962.439124854,1.87760451964,4.01803016663
540,28.2,348.052371293,2.56594504855,4.65015983582
541,26.4,446.157893999,2.96516586477,4.61077976227
542,34.4,708.521932325,2.07289733525,4.6223897934
543,79.2,2016.04101467,2.30288715675,5.25345993042
544,77.8,1896.97100345,2.29228215211,4.8178601265
545,71.5,2874.38627418,3.38127756719,3.93859004974
546,81.1,3351.11763286,3.90410709562,4.05037021637
547,79.6,4231.14036778,4.73449533079,3.86380004883
548,79.3,5915.22114669,5.23711501123,4.53768014908
549,8.0,522.031580601,1.22361240057,4.14966180518
550,10.0,487.394976066,1.34530938011,4.47398472677
551,19.8,551.720598424,0.17813765345,3.91144972254
552,22.3,875.836569271,0.817319101759,10.4871501923
553,25.7,265.501659719,1.42084296827,4.50841999054
554,16.8,384.28855562,2.25963314219,3.66373991966
555,15.2,496.482494203,1.93858513726,4.42319011688
556,19.9,629.997643947,2.01732112975,4.83796977997
557,33.0,1926.73250178,3.35035807407,4.94077014923
558,23.0,1836.29040439,3.80791978404,3.79232001305
559,23.9,2837.07547157,4.87918391585,4.10140260264
560,31.5,3557.73718367,3.69486834075,4.46030467094
561,34.1,4364.30924422,3.64053034459,4.00975739208
562,38.2,6430.96754914,1.95559489777,2.75563001633
563,42.5,14095.9958153,2.23197730159,4.65079279008
564,65.5,2247.91299467,2.96160995206,6.20198011398
565,62.6,2286.50046023,2.83444794934,6.20182991028
566,60.2,3394.42897987,2.95506621804,6.43859004974
567,62.5,4179.46434367,4.15787252609,6.23829984665
568,71.0,4586.81120316,3.8396531983,2.96034002304
569,73.0,10382.3181609,4.43529520209,4.53810011041
570,73.0,8623.94962719,4.92253199675,4.3166213782
571,73.5,10800.3579763,4.22563990943,4.82242082575
572,61.8,645.27710147,3.21462760512,4.3155527233
573,48.0,2140.45547217,1.54554851688,4.13534246798
574,31.6,1621.33358266,14.3862068958,4.1737486986
575,30.5,2768.37095732,16.8560976315,4.58563752184
576,22.8,238.051065887,1.98004866394,4.26279938192
577,19.7,321.435761374,2.36197808011,4.14239874462
578,23.7,342.837263984,2.47235711079,4.24386643436
579,30.0,591.438623816,2.63326717742,2.69586992264
580,27.2,714.567356471,1.8012513174,4.34688723896
581,71.6,635.712846664,2.89545481365,4.16623020172
582,65.6,1828.71762577,3.81173944244,6.05847978592
583,66.7,3068.608998,3.93045394294,6.15119981766
584,65.4,3855.42128013,4.12524044027,6.69232988358
585,76.0,26400.6564383,5.52346736572,4.33245992661
586,80.0,25980.2203793,5.76594988541,4.39214992523
587,83.0,28301.2083322,6.04001620615,4.9538898468
588,84.0,32575.0919626,6.20956799999,5.10266017914
589,84.0,38305.872686,6.48242997588,5.00706005096
590,82.0,40047.905967,6.65834491914,5.19500017166
591,82.0,42534.3062613,6.82659841098,5.23206996918
592,84.0,48428.1574528,6.79448109619,5.15348005295
593,82.0,45195.1569274,7.22015292266,5.10941982269
594,84.0,37166.2759655,8.16289805598,5.30916976929
595,72.8,38166.0378408,6.42394079563,5.40620994568
596,77.1,48401.4273404,7.36788367264,5.30354976654
597,76.4,48374.0867933,8.07978443504,5.42003011703
598,77.7642374878,1953.90906833,2.64226067984,3.89605998993
599,80.9930045181,7937.97945777,3.32473640063,4.1656999588
600,77.0,4117.30885333,7.29388408402,2.49954009056
601,78.0,5220.95739602,7.06981076561,2.71476006508
602,67.2,558.221143978,2.51569081601,4.5842965399
603,67.7,383.349499749,2.42405532642,4.54856590014
604,64.9,642.960414644,2.45480338925,4.3554196514
605,38.4,2393.33462122,3.16168153629,4.01585436185
606,49.0,3167.0553033,3.39147527241,3.80084782537
607,74.2,433.33370768,1.51386344363,4.07936825954
608,73.9,448.882279778,1.6275607063,4.56635659448
609,78.5,477.105876263,1.44773560913,4.27431373388
610,75.3,530.861849365,1.55182242571,4.14143468352
611,75.7,606.904378262,1.39364958083,4.26779799409
612,76.8,699.499778976,1.41956956366,4.26096121941
613,75.7,796.671573775,1.9448675296,4.52057565566
614,79.0,919.209265568,2.56355226792,4.1999264349
615,79.4,1164.61252462,2.1319632016,4.88673019409
616,78.0,1333.58352635,2.9609666295,6.28533983231
617,77.8,1542.6704361,2.80500186656,4.38639108285
618,76.3,1754.54797386,3.72212414119,6.30311012268
619,77.3,1907.56438168,3.79636056223,4.23534458142
620,75.7,2052.3190838,3.8200191053,4.03845341874
621,78.4,10410.6350535,3.53266910787,4.3426642495
622,51.4,1476.17185,2.99339522577,4.41118417095
623,50.6,1337.56572431,2.75090303258,4.47961732337
624,50.2,1575.56340027,3.07210872326,4.24658221433
625,52.5,2338.71987682,2.90018167931,4.16678809189
626,57.2,2960.77800405,3.05676778925,4.29498520599
627,60.1982352832,5448.71239334,5.22111925386,3.93812990189
628,63.3229243138,10498.4647022,5.94078818691,4.41890001297
629,23.1,607.915804268,2.18173072672,4.17614238916
630,27.7,904.605600055,1.52160194379,4.1581591798
631,33.5,1408.1461926,1.4100099709,4.10383709938
632,34.2,376.468039539,4.01810962741,3.86651422263
633,40.8,1103.48657712,1.88582202291,1.24075996876
634,49.0,1725.97454864,2.76009454497,4.4269077933
635,60.2,414.680115132,1.0587201637,4.13816617593
636,64.9,594.495968478,1.48359967262,4.0737319941
637,58.5,768.556409302,2.12114999191,4.13576656177
638,66.9,931.198184687,2.46649526858,4.11340666496
